text	label
Dok je lijepo snimljena , priča je pojednostavljena kako bi zadovoljila malu djecu .	3
Srbija 17.05.2018 .	1
Radnja prati više likova čije se sudbine isprepliću na najvećoj svjetskoj atrakciji zvanoj ‘ Jurski Svijet ’ u kojem se šeću razne vrste genetski modificiranih dinosarusa koji privlače desetine tisuća tirusta svake godine .	1
Opet se gledatelje dovodi u svijet neodređene , i uvjetno rečeno , bliske budućnosti u kojoj je korporacija pod imenom Delos razvila tehnologiju za proizvodnju robota izgledom , ponašanjem i drugim detaljima gotovo identični ljudima .	1
U kinima od :	1
Trajanje filma : 01 : 46 : 00	1
Možda je to zašto su scenaristi krenuli naopako .	0
U kinima od : 19 May 2017 ( USA )	1
Titlovan Trailer Filma :	1
Na papiru , ovo se može gledati kao na problem , ali u stvarnosti , to je zapravo vrlo pametan potez .	3
Ali u onim posebnim trenucima kada prevladava prevrtanje , on je u stanju pokazati povremene akcije kajanja , čak u jednom trenutku plače .	2
Već sada teži oko miljardu i 400 dolara širom svijeta a vjerujem da će se približiti cifri od 2 milijarde jer izašao tek 12 . juna a na trećem je mjestu filmova sa najvećom zaradom .	2
Godina 2015	1
Postavljen u trenutnoj godini , nova vrsta Terminatora pod nazivom Rev - 9 ( Diego Luna – Marvel Agenti SHIELD TV serije itd . )	1
U kinima od :	1
Osim onih manjih nedostataka koje smo moja djevojka i ja osjećali , još smo uživali u ovom filmu .	3
Bio je smijesan , iskren u svim pravim mjestima i vrlo pametno napravljen .	2
Jedna stvar koju sam primijetio da nedostaje ovdje , jeste da razbijanje četvrtog zida nije bilo često u poređenju sa originalnim filmom i da su ga više zamijenile pripovijesti od strane Deadpool-a .	1
A to je dobar povod za isto tako neumitne usporedbe između njegove filmske i televizijske inkarnacije ( pri čemu se ne treba računati kratkotrajna , brzo ugašena i vjerojatno brže zaboravljena TV-serija Beyond Westworld iz 1980 . godine ) , odnosno jasan prikaz kako su se stvari bitno promijenile od 1973 . godine .	1
Podsjećao je radnjom i stilom malo na ‘ Jumanji ' ( bezvremenski klasik iz devedesetih ) , ali kada se klupko počelo odmotavati , shvatio sam da mi se neće toliko svidjeti .	3
Srbija 02.10.2019 .	1
Sama priča je pojednostavljena tako da dobro radi u kontekstu .	2
Međutim , ugodne tematske ideje omekšavaju prisutnost karikatura i dijaloga .	2
Njegova interakcija s njegovim pomoćnikom Boughom ( koji je ponovno preuzeo ulogu s prvog filma Johnny Englisha iz 2003 . )	1
Film također sadrži poruke o prijateljstvu , snovima i osjećaju svrhe .	2
Danas postoje gore opcije od zabave koja traži istinitost i iskrenost , a to je upravo ono što donosi .	3
Bila je kratka scena za koju mislim da bi nam dali nagovještaj onoga što će doći u trećem filmu ( zakazanom za 3 godine ) .	1
Claire ( Bryce Dallas Howard – Pete ’ s Dragon , The Help itd . )	1
Malcolm redovito ratuje sa svojom kćerkom Madeline ( Morgana Davies ) .	1
Napisala Jill Culton , a režirali Jill Culton i Todd Wilderman ( ko-redatelj ) , „ Abominable “ je odličan animirani film za cijelu obitelj .	2
Trajanje filma : 02 : 04 : 00	1
Tvoj izbor .	1
koji je bio savršena osoba koja je pratila Blue , pametan i inteligentan Raptor .	2
Erik Thomson odmah baca Malcolma kao nestrpljivog i okrutnog , ali nema dovoljno prizora da humanizira svoj karakter .	0
U tome , doduše , danas više nije sam , ali time što je prokrčio put za AMC , Netflix i druge studije , odnosno time sebi može priuštiti da izbaci 100 milijuna dolara ili druge donedavne nezamislive svote na pilot ili gotove sezone TV-serije se ističe u mnogo čemu na isti način na koji se u zlatna hollywoodska vremena MGM , poznat po svojim raskošnim mjuziklima i filmskim epovima “ većim od života ” isticao među drugim poslovnim carstvima losanđeleske tvornice snova .	1
Nije sve tako sivo , naravno , ima par dobrih akcionih momenata vrlo dobro urađenih , pa mogu reći da je i otvaranje filma bilo solidno , ako izuzmemo pojavu glumca Irrfana Khaana koja će mnoge nervirati .	3
Godina : 2018	1
B i H 13.12.2018 .	1
Nisam siguran da li bi to trebalo da bude tako u romanu , jer ga nikad nisam čitao .	1
I ovaj je imao sličnu formulu za koju sam mislio da je pravi uspjeh .	2
Mislio sam da je pilot epizoda pametno izvedena , s uvođenjem likova koji su očito imali prethodno loše iskustvo koje se malo po malo otkrivalo .	2
No , kada su u pitanju HBO i tako ambiciozan projekt , duža pauza koja bi omogućila ulaganje više truda i mogućnosti uklanjanja pogreška se čini opravdanim .	1
Doduše , ovog puta je i Kina pozitivan faktor u vraćanju ‘ Marsovca ’ kući .	2
Postoji propuštena prilika za stvaranje nezaboravnog karaktera s različitim slojevima na ono što motivira njegove postupke .	1
Eddie Redmayne je još uvijek tako simpatičan u ovoj drugoj tranši kao što je bio u prvoj .	2
U međuvremenu , na ekranu se pojavio tajnoviti mutant koji je bio vrlo jak i moćan pod nazivom Cable ( Josh Brolin – Avengers : Infinity War , No Country for Old Men i sl . )	1
Trajanje filma : 01 : 56 : 00	1
Vizualno impresivan , to stoji , ali činjenica je da je ovakav nastavak bio i više nego nepotreban , jer staru slavu bilo je skoro pa nemoguće vratiti i evo nam dokaza .	3
Dok još se smijemo jednoj sali već dolazi druga sto može biti teško za držati korak .	0
Datum izlaska : 21.05.2018 ( svjetska premijera )	1
Sve u svemu , postoji mnoštvo zabavnih akcija koje su se , uglavnom , vješto isprepletene emocionalnom linijom filma – što bi sve sjajno izgledalo na velikom kazališnom platnu .	2
Hoće li Čudesne zvijeri : Grindelwaldova zlodjela : nastaviti oduševljavati kina i postati još jedan klasik JK Rowling ?	1
Veću no što je Charlie Plummer imao u All the Money in the World .	2
Srbija 18.05.2017 .	1
Ovaj film je dao stvarno svjež izgled i možda bih mogao reći re-pripovijedanje o načinu na koji su priče bile poznate nama dugi niz godina .	2
Björn Bengtsson , Ian Peck , Declan Hannigan , Charlie Vincent , Antonio Lujak , Roderick Hill , Nick Wittman	1
Također nam se dopao i Taron Egerton u toj ulozi koju sam osjećao da mu je zaista odgovarala .	2
Žanr : Akcija , Avantura , Sci-Fi	1
Ima samo 10 epizoda koje bi trebalo lako dovršiti ( završio sam tijekom vikenda ) .	1
Unutar svemirskog broda bilo je 15 posada i oko 2000 kolonista koji su bili stavili krigone na spavanje , zbog dugogodišnjeg putovanja do željenog mjesta .	1
Trajanje filma : 01 : 39 : 00	1
Godina : 2018	1
Kasnije , vidimo njezino odbijanje da se odrekne te kada je okružena apatijom i nesposobnošću , ona vraća kontrolu .	1
Žanr : Akcija , Avantura , Komedija	1
Pretpostavljam da je 15 godina previse ? ?	0
Trajanje filma : 01 : 43 : 00	1
Nakon dva Kingsmanova filma i ovoga , možda će u budućnosti dobiti više akcijskih uloga .	2
Thaddeus Valentine ( Hugo Tkanje – Hacksaw Ridge , V for Vendetta i sl . )	1
Zemlja : SAD	1
I kako bi se priča zaključila ?	1
Redatelj : Colin Trevorrow	1
Sam intro u ovu avanturističko-komičnu fantaziju obećavao je jedan topao , sladunjav i lijep film koji bi možda mogao i postati vremenski klasik jer nam je opšte poznato da se u to pretvaraju dobri filmovi za djecu .	3
Ocjena : 6 / 10	1
Trajanje filma : 01 : 37 : 00	1
Grindelwald vjeruje da su čarobnjaci superiorna rasa i trebaju vladati nad mugglima ( smrtnim ljudima ) .	1
Robert Elswit radi odličan posao s kinematografijom , uz snimke bujnog zelenila i strmih brda na znojave obrve od glumaca u Indoneziji .	2
Prva sezona , posebno rana epizoda bila je nevjerojatna s malo mraka , iako je tempo usporavao u sredini .	1
Ove godine kada dođu nećaci jedne od vodećih ljudi iz te kompanije stvari će krenuti po zlu jer će najveći primat sa ubilačkim namjerama biti greškom oslobođen i tada kreće avantura .	1
Trajanje filma : 02 : 08 : 00	1
Inače samo trebate imati otvoren um i maštu kako biste vidjeli koliko je ovaj film bio sjajan .	2
Također je postojao i video od originalnog glumca Jurassic Park filma , tj . Jeff Goldblum ponovo izlaže svoju ulogu kao dr . Ian Malcolm i još jedan vrlo važan lik iz Jurassic Worlda .	1
Korištenje lukova i strela bilo je doista maksimizirano , a neke scene podsjećale su nas na akcijske sekvence Legolasa u Lord of the Rings & Hobbits ili Hawkeye u Avengers .	1
Ipak sam uživao u njegovu nastupu , kao i s dva glavna glumca Here Hilmar ( kojeg nikad prije nisam vidio ) i Robert Sheehanu ( koga volim u filmu Bad Samaritan ) .	2
Ovaj film je doista bio vrlo napet .	2
Producent : Phil Johnston , Jim Reardon	1
bio je samo redovan gospodar u Nottinghamu i imao je ljubavnu vezu s Marianom ( Eve Heweson – Papillon , The Knick TV serije i sl . ) .	1
Redatelj : James Bobin	1
Priča je bila vrlo brzo tempirana , ispunjena mnogim akcijskim sljedovima koji su doista bili dobro napravljeni .	2
Sveukupno , mislim da je ovaj film bio vrlo dobar u trajanju akcijskog slijeda .	2
Kada jedan od članova posade , botaničar Mark Watney , ostane sam sasvim slučajno jer je ostatak istraživačkog tima mislio da je mrtav .	0
Planeta na kojoj živimo ne pripada samo nama takozvanim ljudskim bićima .	1
Studeni 2015 .	1
On ovdje igra sličnu rolu kao i u ‘ Guardiansima ’ i iako nije naučnik niti stari mudar niti je u srodstvu sa Dalay Lamom , najpametniji je , predviđa svaki sledeći korak dinosarusa a uz to vrlo lako osvaja dame .	1
Čak je do kraja bio i kratak trenutak emotivne scene koji je malo utjecao na moju djevojku .	1
I bio sam zadivljen i tijekom finalne borbene scene .	2
Sve biste ih mogli pronaći u ovoj prilično čarobnoj fantastičnoj seriji .	1
The Lego Batman Movie	1
U međuvremenu , Yi obećava sebi da će jednog dana ispuniti želju svog oca i dovršiti svoje putovanje preko Kine .	1
Storm Boy čuva tematsku jezgru izvornog djela australskog autora Colina Thielea .	2
I kao “ zlatni dječak ” Paul , Harris Dickinson ima mnogo veću i zanimljivu ulogu .	2
Iako je prvi film o Wonder Woman možda više bio priča o podrijetlu .	1
Tu je i lijepo uokvirena sekvenca gdje Michael pluta prema tijelu zalaska sunca dok se smjestio na improviziranom splavu .	2
Ovaj unos se udvostručuje na nekim od egzistencijalnih tema predstavljenih u prvom filmu .	1
Postoji općenita parcela – Ralph i Vanellope moraju prikupiti dovoljno novca za kupnju dijela kako bi popravili Vanellopeovu igru - iako je s vremena na vrijeme to lako zaboraviti .	1
I Russel je takođe bio dobro prikazan od strane mladog Julian Dennison .	2
Obrazovanje na putevima Republike od tetke Lydia ( Ann Dowd ) , žene se uče da je smrt društva bila posljedica terorista , homoseksualaca i promiskuta svih .	1
Johnny Depp , igrajući radikalnu nacistu poput zlikovca , ne dobiva dovoljno vremena za ekran i on dolazi kao vrlo stereotipan .	0
To čini da se pitam da li sve buduće Batman filmove trebaju animirati jasni pisci ( Seth Grahame-Smith i Jared Stern i John Whittington ) koji bolje shvataju kako napraviti Batman Film u kojem svako uživa , on onih prošlih filmova kao sto je Batman V Superman .	3
Nazad na film , moja djevojka i ja smo uživali u suspenziji i akcijskim sljedovima kad god su bili aliens okolo i pokušavali ubiti ( ona je dosta često vrisnula kad god je bilo šokantne scene ) .	2
S obzirom na to All the Money in the World je bio prvi film koji sam vidio u kinu ove godine , čini mi se samo da ću završiti svoju godinu s istom pričom i kad sam prvi put vidio ovu novu televizijsku seriju da se reklamira , odmah sam znatiželjan o tome kako će se usporediti s filmom Ridley Scotta .	1
Ocjena Filma : 4,5 / 5	1
Zapravo , moja djevojka i ja smo također raspravljali o sličnosti s poznatim Batmanom .	1
Wonder Woman 1984 ispunjena je nadom , ljubavlju i optimizmom , nudeći impresivnu filmsku superherojsku akciju .	2
Međutim , na krovu svog doma ima malo privatnog prostora u kojem čuva sve stvari koje su joj drage srcu , uključujući i istu violinu .	1
Oh , a možda biste htjeli obratiti pažnju na uvodni niz koji prikazuje naslov Locke & Key kakav je bio različit u svakoj epizodi .	1
Međutim , njegova duboko ranjena izvedba ne može biti pogrešna .	2
Kreatori : Meredith Averill , Carlton Cuse , Aron Eli Coleite	1
Hrvatska 20.09.2018 .	1
Zemlja : Novi Zeland , SAD	1
Međutim , kada se biznismen Max Lord ( Pedro Pascal ) dočepa artefakta , njegova želja ima dalekosežne posljedice .	0
Westworld , koji se velikim dijelom reklamirao i kao svojevrsna zamjena za Igru prijestolja , HBO-vu zlatnu koku koja , usprkos megapopularnosti , ima daleko manje epizoda ispred nego iza sebe , je svoj začetak imao prije nepunih pola stoljeća kao cjelovečernji film nastao upravo u produkciji MGM-a .	1
Srbija 02.02.2017 .	1
Kada se danas govori o Zlatnom dobu televizije , teško je izbjeći , često nezahvalne , usporedbe sa Zlatnim dobom Hollywooda .	1
Bilo je i nekih neželjenih komplikacija s pojavom Willova ( Jamie Dornan – Fifty Shades trilogija , The Fall TV serije itd . )	0
Kao što sam rekao gore , Bode je bio zanimljiv lik ( možda ste ga poznavali kao mladu Georgie u adaptaciji romana Stephena Kinga It and the it It It , drugo poglavlje ) , a ja isto volim Scot Cavendish kao dobrog momka koji je Kinseyu donio svjetlo plus njegov smisao za humor .	2
On igra čovjeka s nevinom kvalitetom povjerenja koji nikad ne odustaje , bez obzira na to što se ludilo odvija oko njega .	1
Upravo na vrijeme za blagdansku sezonu 2018 . , drugi film pogađa kazališta .	1
Očigledno su mu izrazi bili uglavnom neprocjenjivi .	2
Redatelj : Lisa Joy , Jonathan Nolan	1
A Matt Damon kao glavni lik ?	1
Uz pomoć nekih impresivnih likova u sjeni – ali on također ima svoje probleme sa zlouporabom opojnih sredstava .	1
Srbija 15.11.2018 .	1
Srbija –	1
Priča ostaje u velikom dijelu filma .	1
Hrvatska 07.06.2018 .	1
Izradio ga je Simon Beaufoy i dijelom ga je vodio Danny Boyle , a Trust se odvija 1973 . godine i okreće se oko Gettyove dinastije , na čelu sa zloglasnim Johnom Paulom Gettyom ( Donaldom Sutherlandom ) , usredotočujući se prvenstveno na otmicu unuka Pavao ( Harris Dickinson ) i naporima koje je podnijela dječakova majka Gail ( Hilary Swank ) i Gettyov sigurnosni savjetnik Fletcher Chace ( Brendan Fraser ) da ga dovede kući .	1
Redatelj : Phil Johnston , Rich Moore	1
Samoproglašeni vodeći čovjek iz Lego filma se vratio , sada u svom solo filmu .	1
U kinima od : 27 January 2017 ( USA )	1
Stoga ne biste trebali očekivati savršeni scenarij i zaplet , budući da smo već mogli pogađati kako će se priča nastaviti i za nas ne bi bilo iznenađujućih obrta ( ionako to nije trebala biti namjera jer to nije takav film ) .	1
Sve ukupno osjećam da je to bio uzbudljiv avanturistički film s neobičnom pretpostavkom , visokim intenzitetom i brzim tempom , zajedno s nekim sjajnim vizualnim efektima .	2
Film je također ispunjen nekim lijepim pjesmama 80 - ih kao što su I ’ m Your Man od Wham ! , ili Venera iz Bananarama i još nekoliko .	2
Sramežljiv ljubazan šaptač čarobnim stvorenjima prvo oklijeva , ali odluči da poštuje zahtjev svog učitelja .	1
Ovo moraju pogledati svi : obitelj , obožavatelji Disney i još mnogo toga .	2
Bruka i sramota , ko što bi rekla Jana .	0
Godinu kasnije , kada se Robin vratio u Nottingham , stvari su se potpuno razlikovale od šerifa koji koristi svoju moć i prisiljava ljudi da plate porez , uglavnom siromašne .	0
Jedan posebno smiješni segment , prikazan djelomično u nekim trailerima , uključuje Disney princeze .	2
Sacha Baron Cohen koji glumi Vrijeme , ostavio je nekako najjači utisak na mene , jer je dokazao da od totalne budale i cirkusanta može tumačiti jednu kompleksniju i mrvicu ozbiljniju ulogu .	2
Iskreno , bio sam pomalo sumnjičav jer se činilo da djeluje poput natprirodnog tipa horora , ali jednom kad sam je počeo gledati , to je bilo drugačije od onoga što sam očekivao .	1
Priča je trajala samo četiri sedmice za pisanje i postavljena je u regiji Coorong .	1
Serija ide narativno dalje od filma jer se dobro i iskreno uključuje u carstvo Gettya .	2
Bijeg iz zatvora , hvatanje velikih prijetećih mističnih stvorenja i bitka na ledu na kraju sve to donosi neke velike posebne efekte koje publika očekuje od fantasy filmova .	2
Trajanje filma : 02 : 08 : 00	1
Dakle , ako ste ljubitelj izvornog filma , svakako biste ovo trebali gledati .	1
Ponekad se može osjećati kao da film baca reference i sale za nas prebrzo .	0
Njegov filmski stil uređen je u jednostavan nacrt koji odražava Thieleovo poštovanje prema prirodi .	2
Ideja o ikoničnoj dječjoj knjizi bila je zamišljena tijekom putovanja u Nacionalni park Coorong .	1
Osim Rowana Atkinsona i Ben Millera mogli bismo uživati u Emma Thompsonu u manje ozbiljnoj ulozi premijera .	2
B i H 31.10.2019 .	1
Žanr : Drama , SC-Fi	1
Izlažu Čudesnu ženu koja se uglavnom osjeća ugodno sa svojim moćima , a oduševljavajuće je vidjeti junaka kako uživa u svojoj snazi .	2
Godina : 2020	1
Šest godina razlike između originala i nastavka , nedovoljno dobar marketing i gubitak interesa kod publike da gleda fazone Tim Burtona u posve novom izdanju , rezultirala je velikim krahom filma na kino blagajnama .	0
Nećemo imati neizvjesnu ulogu sve do jedne trećine filma .	1
U međuvremenu , premijer je razmišljao o suradnji s američkim tech milijarderom Jasonom Volta ( Jake Lacy – Rampage , The Office TV serije i sl . )	1
Jurassic World	1
Godina 2016	1
U par navrata , kao u slučaju onog vukodlaka , CGI za 2015tu godinu , za vrijeme najnaprednije tehnologije ikad , stvarno je sramotan , tako da ni tehničku stranu filma i te specijalne efekte ne mogu posebno pohvaliti .	0
Ima mnogo drugih viceva koje mogu uhvatiti vaše oči .	2
Srbija 06.12.2018 .	1
Srbija 20.09.2018 .	1
JETI – SNEŽNI ČOVEK	1
Činilo se da kritičari prilično uživaju u ovom hvalu zbog “ rukovanja gubitkom i traumom ” .	0
U isto vrijeme , iz budućnosti je poslana i ženska pojačana humka zvana Grace ( Mackenzie Davis – Tully , Halt i Catch Fire TV serija itd . )	1
U sredini putovanja , posada je dobila poruku od obližnjeg uslužnog planeta kojeg su nekako propustili tijekom prethodnih anketa , do kojeg bi im bilo potrebno samo malo vremena u usporedbi s godinama dosezanja Origae 6 .	1
Nikada u mom životu nisam mogao ni zamisliti takvu stvar , a ovdje u filmu vidimo kako se to stvarno događa .	2
Nedostajalo mu je neke psihološke težnje , neki preokret i doza misterioznosti , a ovako – precijenjen itekako !	0
Godina : 2019	1
Boje koje se koriste u filmu su prilično dosadne i jednolične , uz samo naglašavanje haljina od Kay ( Bryce Dallas Howard ) .	0
Ne znam šta bih više dodao niti oduzeo , osim toplog savjeta da ni ne pomišljate da pogledate ovo mrcvarenje , ovaj splet nesretnih okolnosti , ovo psihološku torturu i zločin nad umjetnošću .	0
S težnjama da vode vojsku protiv ljudske rase , Grindelwald bježi u Pariz gdje vjeruje da je tamo ključ mračne sile koja će mu dati snagu koju treba preuzeti .	1
Jedini vizualni slijed koji posrće je nevjerojatan akcijski dio u kojem je Tom zarobljen na moru tijekom žestoke oluje .	3
Bez obzira na to , akcije ovdje nisu bile potpuno nasilne jer nije pokazivano škrgutanje krvi , ali bile su 1 ili 2 scene koje možda nisu prikladne za djecu ( kao što je osoba koja visi ) zbog čega je kategoriziran PG - 12 .	1
Gadot ponovno donosi jednaku količinu ranjivosti i snage u ulogu Diane koja Wonder Woman daje jedinstvenu dinamičnu prisutnost na ekranu .	2
Nije bilo zastrašujućih slika koje bi vas uplašile ( osim možda maloga u prvoj epizodi ) , dok me ostatak uopće nije prestravio .	1
Da je ovaj film u kojem slučaju jedan od kandidata u Zvezdama Grandu i da se popne na binu i odradi svoje , Jelena Karleuša bi sigurno rekla da nije osjetila ništa i da film nikada neće postati zvijezda , a čak ni Ana Bekuta mu ne bi dala glas za prolaz dalje .	0
Međutim , glavni je dio još uvijek bio tamo , kao Robinova ljubav prema Marian , a njihovi neprijatelji bili su i šerif koji je imao podršku Guy of Gisborne i tako dalje .	1
Robin of Loxley ( Taron Egerton – Kingsman series , Sing etc i sl . )	1
Ali Yi , koja već poznaje bol zbog razdvajanja obitelji zbog smrti svog oca , razumije i Everest-ovu borbu , zbog čega je ublažila njegovu bol dok ona ništa ne može učiniti za sebe .	3
Batman živi život štiteći grad na sve strane .	1
Teško je ne utjecati na vidljivu tugu u njegovim očima .	1
Flora i fauna oboje imaju jednaka prava tražiti isti prostor o kome toliko brinemo .	1
Što kulminira pričom u kojoj je značenje jasno , iako su točke radnje u najboljem slučaju mutne .	3
McConaughey ne mora mnogo toga da kaže ili uradi kad je lose , ali jednom kad se vratio da zarađuje novac , on je jedva dobio vremena da uživa u njemu .	1
bio je jedan od londonskih uglednih čelnika i imao je kćerkicu Katherine ( Leila George ) .	1
Međutim , naglašava da će morati biti oslobođeni .	1
Glavne uloge : Ralph Fiennes , Jenny Slate , Rosario Dawson	1
Pa što bi se dogodilo s ovom skupinom ?	1
Barbara Gordon je imenovana za novog povjerenika , koja je slučajno usvojeno dijete ( Dick Grayson ) , Bruce / Batman mora naučiti da radi kao dio tima , a ne usamljeni osvetnik kako bi se spasio Gotham .	1
Producent : Neal Purvis , Robert Wade	1
Legion Season 1 ( 2017 ) Tv Serija	1
Joker koristi svoje stare trikove da bi sve Gotham negativce nagovorio da budu protiv Batmana .	1
Majke i očevi ?	1
Robin je ohrabrivao svog novog prijatelja Yahya aka John ( Jamie Foxx – Baby Driver , The Amazing Spider-man 2 i sl .	2
Terminator : Genisys ( 2015 )	1
Postavljen oko 3 godine nakon događaja u Jurassic Worldu , vulkan na otoku Isla Nublar htio je izbiti i bio je opasnost za sve Dinosaurse koji su se još nalazili na otoku .	1
Domino je bio super superheroj i stvarno je bio dobar .	2
Što se tiče same price , to je zapravo bilo dobro i približila nam je više razumijevanja o podrijetlu aliensa koje biste nagađali .	1
Kratka linija priče ( Upozorenje Spoiler Alert ! )	1
Glavne uloge : Jamie Dornan , Taron Egerton , Ben Mendelsohn , Paul Anderson , Jamie Foxx , Eve Hewson , Josh Herdman , Tim Minchin .	1
Datum izlaska : 07.02.2020 ( svjetska premijera )	1
Samo nemojte razmišljati o zbunjujućoj vremenskoj traci i zanemarite ostale filmove o Terminatoru i trebali biste biti u redu .	1
Sadrži sve sjajne elemente iz prva dva filma Terminator koji su se savršeno kombinirali sa svježim novim ljudima i nadograđenim neizrecivim terminatorom iz budućnosti .	2
Bračni par u tome nije u potpunosti uspio , ali je savršenstvo bilo teško očekivati od projekta napravljenog s toliko visokim očekivanjima .	1
Glavne uloge : Gal Gadot , Chris Pine , Pedro Pascal , Kristen Wiig , Connie Nielsen , Robin Wright , Natasha Rothwell , Ravi Patel , Gabriella Wilde , Kristoffer Polaha , Amr Waked	1
Jednom u Parizu , Newtova misija postaje komplicirana jer je njegova bivša ljubav Tina ( Katherine Waterston ) također u Parizu istražuje poslovanje čarobnjaka .	1
Baš kao u prvobitnom filmu , bilo je toliko mnogo smiješnih trenutaka koje su donijeli glumci ( uglavnom uključuju Deadpool i njegove prijatelje ) .	2
Abominable	1
Redatelj : Shawn Seet	1
Tijekom scena u zatvorenom prostoru , kadriranje kamere je čvršće .	1
U kinima od :	1
Datum izlaska : 26 .	1
Oni su nevoljno udružili snage usprkos neprijateljstvu između Sarah i Carla da pokušaju zaustaviti Rev - 9 prije nego što uspije ubiti Dani i promijeniti budućnost .	1
Glavne uloge : Kristen Bell , Kelly Macdonald , Auli ’ i Cravalho , Mandy Moore , Taraji P . Henson , Alan Tudyk , Idina Menzel .	1
U kinima od :	1
Film je promovisan da bude “ od filmskih stvaralaca Gospodara prstenova ” koji su očito koristiti ime Peter Jackson .	1
Barem kada su u pitanju zagriženi geekovi koji vole obraćati pažnju na sitne detalje i od njih u pauzama emitiranja epizoda stvarati maštovite teorije o obratima u zapletu , a pri čemu su se one najpopularnije pokazale ispravnima .	1
Trajanje Epizode : 48 min	1
Nekako je bilo mnogo djece ispod te dobne skupine koja je jučer vidjela film .	1
Tokom čitavih 2 sata + , moja djevojka nije mogla prestati da vrišti zbog mnogih uzbudljivih trenutaka .	2
Ona je svakako višedimenzionalni lik i dobro je došla promjena Strahovske .	1
Redatelj : Chris McKay	1
Hemija svih tih likova bila je lijepa za vidjeti i primijetit ćete da su se jako zabavili igranjem ovog filma .	2
Također sam osjetio da ovaj film ima vrlo brz tempo , iako je u sredini možda malo usporio .	3
Glavne uloge : Donald Sutherland , Hilary Swank , Harris Dickinson , Brendan Fraser , Michael Esper , Anna Chancellor , Hannah New	1
Probudite se osjeti se miris pravde ; Bat se vratio !	2
U kinima od : 10 February 2017 ( USA )	1
Dajući nam dramatiziranu verziju događaja koji , iako vjerojatno daleko od istine , nas obrazuju na ovom povijesnom razdoblju na idealno uvjerljiv način .	2
Siguran sam da ćete imati jednako zabavno iskustvo kao moja djevojka i ja .	2
B i H 07.06.2018 .	1
IMDB i Titlovan Trailer Filma Smrtonosni strojevi ( 2018 ) :	1
Geoffrey Rush glumi Michaela , starijeg muškarca kojeg zlostavlja njegov zet , Malcolm ( Erik Thomson ) , kako bi sudjelovao u glasovanju u kompaniji koja će predati komad zemlje u regiji Pilbara njegovoj tvrtki King Pastoral Holdings ,	1
Tu su jos svoje glasove posudili Zack Galifianakis kao Joker , Michael Cera kao siroče Dick Grayson , Rosario Dawson kao Barbara Gordon i Ralph Fiennes kao Alfred .	1
I liječnika Zia Rodriguez ( Daniella Pineda – The Detour TV serije ) .	1
Gadot i Pine dobro su suprotstavljeni Wiigu i Pascalu , koji imaju svoje vlastite lukove koji rade na prikazivanju drugih strana čovječanstva .	3
Osim Madeline , još jedan ženski lik , koji nije mrtav , bio je potreban .	1
Postoji jedna tiho šaljiva linija u kojoj Michael kaže da njegov zet nije ‘ okrutan čovjek , samo poslovni čovjek ’ , ali u njemu nema iskupljenja prije naglog završetka .	1
Ali postoje i trenuci kada Diana koristi svoje sposobnosti i otkriva nove aspekte u svojoj snazi , koji su jednako naelektrizirani .	2
Kao Ellie , Steven Williams ( TV serija 21 , Jump Street itd . )	1
Svi rade sjajno i izgledaju vrlo sretni što se vraćaju u svoje uloge .	2
Oh , prije nego što sam zaboravio .	1
Ovo je brilijantna izvedba Moss , gdje stvara svijet za publiku , gdje je i zastrašujuća , ali ipak i očaravajuća .	2
Terminator : Dark Fate	1
Po se sada mora suočiti sa novom vrstom prijetnje .	0
Također smatram da je vise kao film po stripu od spin-off iz drugog filma .	1
U Londonu je bio jedan mladi povjesničar po imenu Tom ( Robert Sheehan – Bad Samaritan itd . )	1
Producent : Drew Goddard , Rob Liefeld	1
Kao što sam rekao gore , oni veliki izvorni Robin Hood fanboys možda neće moći uživati u ovom filmu i nažalost .	0
Ocjena na IMDb.com mu je visokih 3,6 / 10 a na Tomatoesima slabih 9% .	1
Kenny je dugogodišnji plamen koji je stajao uz nju i u dobru i u zlu .	1
Prema onome što sam primijetio u nazivima prikazanih u seriji , ovaj je prilagođen iz istoimenog grafičkog ( stripovskog ) serijala istog naslova koji je napisao Joe Hill , a ilustrirao Gabriel Rodriguez .	1
Stvari nisu bile jednostavne s vijestima o tome što im se dogodilo brzo su putovali Mathesonom .	1
Za film s trajanjem od 2 sata , nije mi dosadilo , ali sam mogao shvatiti i da se ljudi možda dugo osjećaju nezainteresiranim za tako neobičnu pretpostavku .	3
Izgled neka može prevariti , ali većinom me moja ” filmska ” intuicija ne vara .	1
Žanr : Animirani | Avantura | Komedija	1
Osim toga , postojao je dodatni lik jedne mlade djevojke po imenu Maissie ( zaista je lijepo odigrala pridošlica Isabella Sermon ) , za koju mislim da nije potpuno istražena .	3
pažljiv s detaljima , a film svejedno možete pogledati da ubijete	3
Pa ovaj je film bio upravo ono što sam očekivao .	2
I Robinovog starijeg prijatelja fra Frieza ( Tim Minchin ) .	1
Nadovezujući se na hitove Lego filmova , Lego Batman film ima iznenađujuće malo za povezivanja dva filma .	0
U povjerenju , Donald Sutherland daje magnetsku izvedbu koja uspijeva nadvladati ono što je Christophera Plummera .	2
Na toj razini , međutim , Westworld ima i određene nedostatke , prije svega zbog toga što Delosovo osoblje uključuje nekoliko likova koji nisu dovoljno dobro razrađeni , i čija je sudbina na samom kraju iritantno nejasna .	0
Osim Batmana koji se pojavljuje u oba filma , jedina druga veza je da on dobije svoj kompjuter da pokrene “ Master Builder ” mode .	1
Priča je postavljena oko deset godina poslije događaja Prometeja , s naglaskom na prostor kolonizacijskog prostora pod nazivom Savez koji je putovao do novog živopisnog planeta nazvanog Origae 6 .	1
Solidan i nijansu bolje od toga ( a ni gore ) .	2
Prica ovog filma bi donekle trebala da bude bazirana po istinitim događajima - imena , mjesta , lokacije i ljudsko ponašanje su donekle modifikovani .	1
U kinima od : /	1
Pa u tom smislu ima dovoljno dubine njegov lik , a on nije samo pohlepan , čudovište jedne note .	2
U međuvremenu je u privatnom životu imao ozbiljan odnos sa svojom djevojkom Vanessom ( Morena Baccarin – Gotham , Homeland TV serije i sl . ) .	1
Bilo je i nekoliko zabavnih trenutaka od Chris Pratta koji je bio šarmantan kao i obično i Franklinov lik .	2
Također posvećuje veliku pažnju na živote i motivacije talijanskih otmičara .	1
koja je bila doista smiješna .	2
Od mora lijepih animiranih filmova , ovakvi se odbacuju i stavljaju na marginu filmskog društva .	1
Prije zarobljavanja , Offredov muz je ubijen tijekom neuspjelog pokušaja bijega u Kanadi i njihovu kćerku je preuzela država .	1
A Ben Mendelsohn bio je nevjerojatan kao pravi šerif .	2
Detalje svoje veze , kao i odnosa Kenny i sa Acosta je ostavio publiku s puno pitanja .	1
Ocjena : 6 / 10	1
Nju tumači supruga ( nevjenčana ) Tim Burtona , Helena Bonham Carter .	1
Srbija 07.06.2018 .	1
Kad god njena majka ( Michelle Wong ) zatraži od Yi da nastavi sa sviranjem violine , djevojčica to odmah odbija .	1
Svakako pogledajte ovo .	2
To uključuje posjetitelje parka , koji , barem na prvi pogled , igraju trećerazrednu ulogu .	1
Prekrasne fotografije Kine , nevjerojatno putovanje , prekrasne boje i bogato napisani likovi pretvaraju čitav pogled na “ Abominable ” u apsolutnu radost .	2
Mala sitnica , Joe Hill sin je poznatog romanopisca Stephena Kinga , pa pretpostavljam da se u njihovoj obitelji odlično piše .	2
Kao što sam rekao , bilo je mnogo uzbudljivih trenutaka i jednog ili dva emotivna trenutka .	2
Datum izlaska : 21.11.2018 ( svjetska premijera )	1
Za mene i moja djevojku , mislili smo da je to doista osvježavajuće uzimanje i voljeli smo to .	2
Pa , ovo je bilo prilično zanimljivo .	2
Glavne uloge : Olga Kurylenko , Rowan Atkinson , Jake Lacy , Ben Miller , Miranda Hennessy , David Mumeni , Samantha Russell , Eddie O ’ Connell .	1
Upravo tada se može najviše osjetiti i autorski pečat , bilo da je riječ o referencama na klasične vesterne , bilo o liku frustriranog britanskog scenarista ( Simon Qauterman ) unajmljenog od Delosa da stvara “ priče ” u kojima glume “ domaćini ” , a koji se može shvatiti i kao svojevrsni Nolanov autoironični komentar na sam kreativni proces Westworlda .	1
KRAJ SINOPSISA	1
Jedna od najboljih stvari za Franšizu zvijeri je uvođenje Jude Lawa kao Dumbledorea .	2
Pošto već dugo vremena ne gledam filmove u CAM ( TS ) kvaliteti i čekam dobri HD , tako sam čekao i Marsovca .	1
Kako je postajalo opasnije , Brave se mora baviti čuvanjem ključeva i spašavanjem života od ljudi koji ih žele .	1
Zemlja : Španjolska , SAD	1
Zemlja : USA | UK | Spain	1
B i H 17.05.2018 .	1
I zapravo nisam uživao u novom potpornom karakteru , iako mi se svidjela izvedba Rafea Spalla kao Eli Millsa .	3
Johnny English Strikes Again	1
Wonder Woman 1984	1
Datum izlaska : 16.12.2020 ( svjetska premijera )	1
Tada sam gledao film s nekim prijateljima i svi smo bili toliko zaokupljeni njime i u strahu zbog zastrašujuće stvarnog terminatora na bazi tekućine koji je Arnoldov model zastario u to vrijeme .	3
Trajanje filma : 02 : 01 : 00	1
Ovaj film je režirao Tim Miller ( Deadpool ) s jednim od producenta Jamesa Camerona ( Titanic , Avatar itd .	1
Postavljeni u post-apokaliptičko vrijeme , gradovima svijeta sada su dodani motori koji im omogućuju kretanje i skupljanje rijetkih resursa i starih tehnologija .	1
Uz odličan zvučni sistem u kinu , stvarno je dalo kompletno iskustvo .	2
Lego film je ugodno iznenađenje jer je mogao tako lako biti besramni izgovor za plasman proizvoda , ali krajnji rezultat je bio nesto mnogo bolje od toga .	2
Albus Dumbledore ( Jude Law ) , Hogwartov učitelj tamne umjetnosti , približava se svom bivšem studentu Newt ( Eddie Redmayne ) i uvjerava ga da ide u Pariz da zaustavi Grindelwalda od stvaranja pustošenja .	1
Stoga ne iznenađuje što se povijest pobrinula da se pronađe poveznica između ta dva entiteta , i to u obliku jedne od najskupljih , najiščekivanijih , najambicioznijih i najprestižnijih TV-serija ove godine .	2
Glavne uloge : Evan Rachel Wood , Jeffrey Wright , Ed Harris	1
Pa kako će se priča nastaviti ?	1
Tamo gdje se Wonder Woman 1984 malo bori , to je u samoj dužini filma , koji traje dva sata i 30 minuta .	1
Titlovan Trailer filma :	1
napravio je veliko ime ubivši mnoge kriminalce u raznim zemljama .	0
Radnja se ponovo provlači kroz dva svijeta ; ovog kakvog poznajemo i svijet ” čudesa ” , popularno nazvan kod nas .	1
Nick Owenford , Tuncay Gunes , Junichi Kajioka , Pino Maiello , Gary Kiely , Ryan Wiseman , Dan March	1
Ako film mlade ljude čini ekološki zanimljivijim i otvara vrata raspravama o klimatskim promjenama , onda su njegove mane irelevantne .	3
Ovaj film ima velik Soundtrack , sadrži muziku iz Pixies i Joy Division , Tajming staze , međutim mogao je biti malo suptilniji i inspirativniji .	3
Na Tomatoesima film ima 93% .	2
Dok sam vidio ovaj film koji je , prema mom osobnom mišljenju , bio najraširenija inačica akcije i postao još jedan od mojih glavnih favorita .	2
B i H 09.02.2017 .	1
Bili smo stvarno zadovoljni nakon što smo pogledali ovaj film i osobno mi ne bi smetalo da ga ponovno gledam samo da bih iskusio sve radnje .	2
Howard igra ovu ulogu s posvetom publici koja ju je štitila .	1
Nisam brutalan , ali sam brutalno iskren .	1
Ono što mi se također sviđalo u ovom filmu bili su dodatni likovi .	2
Ted Levine , James Cromwell , Geraldine Chaplin , Rafe Spall , Daniel Stisen .	1
Svet iz doba jure Uništeno kraljevstvo	1
Uz čaroliju , tajnoviti je element bio i vrlo jak , vezan za tajnu Keyhouse-a i povijest Rendela Lockea .	1
Cable je nevjerojatno obilježio Josh Brolin ( koji se ranije mogao transformirati u drugačiji lik od igranja Thanosa ) .	1
Stvari su izgledale vrlo mračno za Grace i Dani , jer je Rev - 9 bio previše sofisticiran i imao je ogromnu snagu , sve dok nisu dobili neočekivanu pomoć od Sarah Connor ( Linda Hamilton – Dante ’ s Peak , Beauty and the Beast TV series itd .	1
Glumci su također bili prilično lijepi za gledanje .	2
Claire će kasnije pristati da spasi neke vrste od strane Eli Mills-a ( Rafe Spall – The BFG , Get Santa itd .	1
Možda ako je ovaj film dovoljno uspješan , mogli bi biti zainteresirani za izradu nastavaka filma	2
Zemlja : SAD	1
Njihova dinamika jednako je šarmantna kao u prvom filmu , a Pine u svoju ulogu unosi obilje humora .	2
U svakom slučaju , krenimo sa serijom sada .	1
Prije svega se to odnosi na iritantni “ cliffhanger ” koji pitanje krajnje sudbine pojedinih likova , za koje bi se inače moglo pretpostaviti da će stradati , ostavlja previše otvorenim .	0
S vremena na vrijeme toliko se događa da se film osjeća pomalo miran i zbunjujući .	3
U tom , nama nepoznatom svijetu , postoji još jedan univerzum – univerzum vremena , satova i trenutaka , u kojem će se naći Alisa kako bi otputovala natrag u vrijeme kada je porodica Ludog Šeširdžije ubijena , kako bi ih spasila .	1
Na sreću uspe da dođe do kraja do kraja , tako da bi filmeri mogli da osjete šta se stvarno dešava .	2
Živimo u vremenu u kojem nas treba podsjetiti da svako stvorenje zaslužuje da bude zaštićeno , voljeno i njegovano .	0
Protesti su završili u nasilju , ženama su odbijali sposobnost rada , a bankovni računi preneseni su mužu ili nekome najbližem mužu .	1
Gledajući ga kako manipulira ljudima i đavolski nastoji da se na svoj način uvijek pokazuje kao najzabavniji .	1
Tu se televizijska verzija čini daleko slobodnijom od filmske , što je u mnogo čemu potvrda ironičnog obrata situacije iz 1973 . godine u kojem su ljubitelji “ slobodnijih ” sadržaja morali ići u kino-dvorane dok ih na malim ekranama nisu mogli zamisliti ( a danas je sasvim drukčije ) .	0
U jednoj sceni Michael pita Billa što radi .	1
Godina 2015	1
Koristeći muziku autohtone pjevačice Geoffrey Gurrumul Yunupingu na zvučnoj podlozi dodatno naglašava Michaelovo poštovanje autohtonih vrijednosti i uvažavanje divljih životinja .	2
No , budući da je to bio komični film PG13 ocjena , nisam pronašao nikakve uznemirujuće ili nasilne scene .	1
Ono što je impresivno je što se čitava ekipa iz prvog dijela vratila kako bi učestvovali u snimanju nastavka ; mnogi možda sad i žale , naročito Depp , kojem je opus filmova u zadnje vrijeme jako kritičan , a i nakon razvoda sa suprugom Amber te onog skandala sa ministarstvom Australije , no njihova posvećenost djelu Lewisa Carolla , ako ćemo to gledati na taj način , za svaku je pohvalu .	3
Ali ono što ona ne zna je da će se izliječiti od samoproglašene usamljenice s Everestom koja će je podsjetiti da jedinstvo obitelji nije samo u jednoj osobi .	1
Ako ste istinski ljubitelj Alien franšize i zaista volite priče koje uključuju Alijene , onda sam vrlo siguran da bi ste uživali u ovom filmu .	2
Izgled raznih gradova u pokretu sa svim strojevima ispod njih bili su super !	2
Stvarno sam volio pozadinsku muziku ovog filma posebno tijekom intenzivnog dijela koja je dodala element neizvjesnosti .	2
Redatelj : Ridley Scott	1
To će sigurno privući pažnju mlađih gledatelja ( unatoč tome što je vrijeme izvođenja bilo dosta dugo za dječji film ) i zabavit će roditelje ili one koji vide film koji je mlad u srcu .	2
Taj impresivni prizor Westworld svojim gledateljima pruža u završnoj epizodi koja je , usprkos tome i brojnim drugim detaljima , svojevrsno razočaranje .	0
Žanr : Akcija , Avantura , Komedija , Filmovi 2018	1
Alien : Covenant ( 2017 )	1
Osmi putnik : Kovenant ( 2017 )	1
To je zanimljivo zapažanje o tome kako strip junaci rade ; ako ne bi bilo negativaca , ne bi bilo ni Batmana .	1
Dakle , ako tražite ovakvu dramsku seriju ( i ako vam se svidi u kombinaciji s nekom srednjoškolskom romantikom ) .	1
Zajedno sa svojim najboljim prijateljem Weaselom ( TJ Miller – The Emoji Movie , Silicon Valley TV serije itd . )	1
Unatoč nevoljkosti britanskog premijera ( Emma Thompson – Beauty and the Beast , Harry Potter and the Order of Phoenix itd .	1
Wonder Woman 1984 doista prikazuje Dianu kao punopravnog superheroja , a akcijski komadi to odražavaju .	2
Huluova prilagodba romana Margaret Atwood , The Handmaid ’ s Tale , odvija se u futurističkoj distopiji – Republici Gileadu – gdje kriza plodnosti rezultira preuzimanjem životnih žena i prisiljavanjem na rađanje za skupinu “ zapovjednika ” čije su žene neplodne .	1
Žanr : Akcija | Avantura | Komedija	1
Čudesna žena 1984 dodatno je podstaknut Pineovim redom kao Steve Trevor , koji dobro radi na tome se Diana zasniva na čovječanstvu koje bi moglo biti teško za amazonsku princezu .	2
Govoreći o likovima , bio me je pomalo sram što nisam prepoznao Hugu Weaving kao Valentina ovdje ( možda zbog brade , ali moja djevojka mogla ga odmah prepoznati ! ) .	3
Ono što slijedi bilo je konstantno smijanje komičnim situacijama koje su nastale zbog vlastite nepažnje i gluposti Johnny Englisha .	2
OCJENA Sezone : 7 / 10	1
Izgledao je kao da sam pun nekih zamjerki , ali nisam , jednostavno sam pažljiv s detaljima , a film svejedno možete pogledati da ubijete radoznalost , da okusite neke novosti vezane za Mars i znanstvenu fantasiku i da shvatite da je ostalo još filmova između kojeg bi ste trebali izabrati favorita za Oskara ( pod favoritom mislim da navijate u većini kategorija ali i za glavnu – Najbolji film ) i da još nije kraj .	1
Kenny Wells je izmišljeni lik zasnovan na nekome ko ne izgleda tako .	1
Sretno promatranje !	2
Trajanje filma : 01 : 00 : 00	1
Ipak , ne želim ispasti kontradiktoran , ali mislim da će djeca i oni mnogo mlađi od mene biti očarani filmom i da će se možda i zabaviti , posebno ako ga budu gledali u kinu .	2
Priča oduševljava tijekom velikog dijela filma i zahvalno uspijeva doći do kraja , tako da će filmofili moći nešto shvatiti o onome što se zapravo događa .	2
Film se bavi čarobnjakom koji se podigne i mijenja oblik , a Grindelwald ( Johnny Depp ) bježi iz zatvora kako bi okupio svoje sljedbenike i pokrenuo pokret za preuzimanje svijeta .	1
Međutim , Daniels , koja se čini kao drugi zapovjednik ( Katherine Waterston – Steve Jobs , Fantastic Beasts and Where to Find Them etc ) nije se stvarno složila s tom idejom , jer je bila zabrinuta zbog prirode planete .	1
Iako ne postoji sekvenca koja preslikava uzbudljivo i emocionalno scenografiju Ničija zemlja u prvom filmu , Wonder Woman 1984 ima jednu scenu na kojoj je sama Diana .	3
Svibanj 2015 .	1
James Bobin je reditelj ovog nastavka , poznat po oživljavanju ” Muppeta ” na velikom platnu 2011 . i 2014 .	1
Otac je zapravo pisac kultnih dječijih horor priča , a kada Zach upadne u njegovu kuću i greškom otključa jednu od njegovih knjiga , čudovišta postaju stvarnost .	1
Dvojica tinejdžera udružuju se sa kćerkom kreatora horor priča R.L .	1
Ako ste u potrazi za filmom koji je pun smijeha i zabavlja odrasle i djecu podjednako , ona je LEGO Batman Film je film za Vas .	2
Glavne uloge : Jai Courtney , Geoffrey Rush , David Gulpilil , Finn Little	1
Istražujući obiteljski “ kućni život ” i započinje serija s pitanjem tko bi mogao preuzeti posao nakon samoubojstva .	1
A onda sam nešto najzad shvatio .	1
Redatelj : Rob Letterman	1
U osnovi to je parodija svake verzije Batmana na televiziji ili u filmu i to radi odlično.Dok LEGO Batman Film zadržava neke pretjerano smiješne aspekte koje gledaoci vole ili mrze u LEGO Filmu , humor i kvaliteta filma je pojačana .	2
) , nisu imali izbora nego dopustiti mu da vodi ovaj zadatak .	1
Mnogo se zanimljivijim za zaplet , također na prvu loptu , čini prikaz aktivnosti “ iza scene ” , odnosno svakodnevnica radnika i uprave parka , prisiljenih da svakodnevno paze da gostima ne padne dlaka s glave , odnosno da prate svaki pokret “ domaćina ” i stalno ih popravljaju i ponovno stavljaju u promet .	1
Tijekom jednog od svojih svakodnevnih uspona na krov , ona pronalazi čarobnog Yetija , prestrašen do smrti od sve svjetlosti koja dolazi iz helikoptera koji ga pokušava progoniti .	1
Srbija 29.11.2018 .	1
Njegovo hladno i čvrsto djelovanje stvarno je u suprotnosti s njegovim stvarnim akcijama koje su bile daleko od toga .	1
Trust upotrebljava podijeljeni ekran i montaže kako bi vizualno prikazali zanimljive stvari i duhovnost sedamdesetih godina .	2
Ocjena : 7 / 10	1
Koja je bio izravan nastavak filma iz 1978 . godine i zanemarivanje svih filmova između .	1
Titlovan Trailer Filma :	1
Animatori i glas glumci su radili jako dobro zajedno u prikazivanju kompliciranih emocija LEGO znakova .	2
Reditelj filma je Colin Trevorrow poznat po manje poznatoj komediji ‘ Safety Not Guaranted ’ .	1
Pronađite ih sve u ovom doista nevjerojatnom znanstveno-fantastičnom akcijskom filmu .	2
Bilo je toliko mnogo ubojstava , mrtvih tijela i lošeg jezika koji su se ovdje koristili .	0
U usporedbi s prethodnikom , mislim da ovaj film nije bio bolji u smislu priče .	0
U njegovom pisanom radu bilo je više od stotinu objavljenih knjiga .	1
Nije postojala nikakva poslijeratna scena , stoga nema potrebe čekati da to gledate , ako su vam se svidjele ove scene .	1
Imali su zaista predivne specijalne efekte u kombinaciji s hladnim Dolby Atmos zvučnim efektima .	2
Ocjena na IMDb.com mu je solidnih 6,4 / 10 a na Tomatoesima slabih 30% .	1
Shvatio sam da je film pokušavao prikazati priču o Alien-u , ali osobno sam to smatrao predugo ( ili previse duboko ) , iako sam morao priznati da su akcijske sekvence bile vrhunske !	3
Godina : 2018	1
Ipak , ako vas privlači ovakav žanr filma , slobodno mu pružite šansu , makar smo vidjeli mnogo boljih pokušaja .	3
Redatelj : Patty Jenkins	1
Trajanje filma : 151 min	1
Datum izlaska : 26 .	1
Serija također dobro iskorištava muzičke zapise izvođača poput Pink Floyd , Rolling Stones i Thunderclap Newman , među ostalima .	2
Storm Boy je druga filmska adaptacija romana nakon omiljene filmske verzije iz 1976 . godine .	1
Tako da se u filmu može uživati iu kinima bez vrhunskog zvučnog sustava .	2
Datum izlaska : 13.09.2018 ( svjetska premijera )	1
Jedna stvar koja me je iznenađivala bila je činjenica da su zvučni efekti standardni Dobly Surround 5.1 ( prema kreditnoj sceni koja nije imala srednje ili poslije prizore ) , no ipak nam je uspjela pružiti divne efekte .	2
Traileri za ovaj film nisu bili toliko impresivni , što je izgledalo kao korporativni proizvod koji je napunjen sinergijom marke .	0
Godina : 2018	1
IMDB Ocjena Filma : 5.3 / 10	1
Moja djevojka i ja bili smo potpuno zadivljeni ovom prelijepom scenom i mogli bismo to odmah zamisliti kao uzbudljiv film .	2
Rowling	1
Ralph Breaks the Internet : Wreck-It Ralph 2	1
Mislim da je kompozitor ozbiljno radio .	2
Serija govori o mnogim ljudima uključenim u aferu , uključujući i kalabričke gomile otmičara , na čelu s nepredvidljivim i opasnim Primom ( Luca Marinelli ) .	1
Zemlja : Canada | USA	1
Mislim da je bolje da mladi ne vide ovo jer bi to moglo biti zastrašujuće za njih tijekom nekoliko brutalnih trenutaka koji hvataju ( i jedu ) ljude dinosauri .	0
S obzirom na to da je film izrađen za vrlo mladu publiku , to je nedovoljno u vezi s tematskim interesima .	0
Moli Michaela , njezina djeda , da glasa protiv prijedloga .	1
Tijekom misije s Colossus i Negonian Teenage Warhead ( Brianna Hildebrand ) , Wade se susreo s mladim mutantom pod nazivom Russel ili Firefist ( Julian Dennison – Paper Planes ) koji je stvorio puno problema .	0
Ako ste ljubitelj njegovih radova i čežnje da ponovno vidite Rowana Atkinsona ) , tada bi ovaj film zasigurno zadovoljio .	2
Tina pokazuje zbunjenost , jer Newt je još uvijek zaljubljen u prekrasnog mladog čarobnjaka koji pogrešno misli da je Newt vezan za nekog drugog .	3
Uz pomoć svog bivšeg asistenta Bougha ( Ben Miller – Paddington 2 , Death in Paradise TV serije i sl .	1
kao Engleski učitelj i nekolicina drugih .	1
Isto se može reći za inače od Thandie Newton izvrsno odglumljeni lik Maeve , za koji nije jasno ima li ili nema slobodnu volju i čiji su postupci , isto kao i raspologanje gotovo božanskim moćima na samom kraju neobjašnjivi .	1
Ponekad je bilo čak i prilično lagano s nekim zabavnim scenama , ali uopće nije bilo emocionalnih ili dirljivih trenutak .	3
Uvjerljivo za najpopularniji Joker glas glumci su Mark Hamill i Troy Baker , a gledaoci su odrasli uz njihove glasove tokom godina .	2
Colin Salmon , Caren Pistorius , Leila George , Patrick Malahide , Ronan Raftery , Andrew Lees , Mark Mitchinson , Sarah Peirse	1
Castlevania ( 2018 )	1
Storm Boy	1
Titlovan Trailer Filma :	1
Sve u svemu , to je bilo ugodno iskustvo gledajući ovaj film špijunske komedije i vjerujem da se publika zabavljala .	2
Glavne uloge : Hugo Weaving , Stephen Lang , Robert Sheehan , Jihae , Joel Tobeck , Hera Hilmar , Frankie Adams .	1
U nastavku se redatelj Patty Jenkins vraća i preuzima dužnosti scenarija zajedno s scenaristom DC Comicsa Geoffom Johnsom i scenaristom Davidom Callahamom ( The Expendables ) .	1
Iako je grozno izgubiti jednog , nikad nećemo zaboraviti one koji su još uvijek okolo .	3
LOL .	1
Glavne uloge : Bryce Dallas Howard , Chris Pratt , Jeff Goldblum , BD Wong , Toby Jones .	1
Glavne uloge : Albert Tsai , Chloe Bennet , Sarah Paulson , Eddie Izzard	1
Producent : Colin Trevorrow , Derek Connolly	1
Ocjena na IMDb.com mu je zavidnih 8,2 / 10 što ga smješta na 161 . mjesto poznate top 250 liste .	1
Anthony Daniels , James Corden , Sarah Silverman , John C . Reilly , Ming-Na Wen , Jane Lynch , Anika Noni Rose , Jack McBrayer	1
Gal Gadot , Taraji P . Henson , Alfred Molina i Bill Hader imaju vrlo smiješne uloge .	1
Tako je glumac kapetan Oram ( Billy Crudup – The Watchmen , Jackie etc ) , njegova zena Faris ( Amy Seimetz ) , Sgt Lope , sefa osigurnosti ( Demián Bichir – A Better Life , The Hateful Eight etc ) , nakon razgovora s drugim posadama kao sto su Tennesse glavni pilot i ostali odlučili su ici provjeriti ovaj planet .	1
Galifianakis , međutim , daje Joker glas koji nije previse prateći za djecu , ali i dalje hvata suštinu karaktera koji zadovoljava odrasle .	3
Mnogo ozbiljniji problem za Westworld je isti onaj koji je pogodio i originalni film .	0
Ali ako tražite ozbiljne špijunske filmove ili inteligentni komedijski film s najboljim scenarijima , onda ne mislim da biste mogli uživati u ovom .	0
Kada sam vidio prvi Deadpool film , bio sam iznenađen potpuno drugačijim načinom prikazivanja superheroja i zaista me zanima kako će to ponoviti u ovom nastavku .	1
Hrvatska 31.10.2019 .	1
Titlovan Trailer Filma :	1
Možda je odrastanje njegove jezične izolacije potaknulo njega da piše o skrovitim područjima jer je uživao u njihovom miru .	1
Kad je kod kuće , nikad nema dovoljno vremena za svoju baku , Nai Nai ( Tsai Chin ) niti za majku .	1
Ocjena : 7 / 10	1
Budući da je imao zaista sjajan akcijski niz s epskim klimaks scenama .	2
Međutim , za mene je osjećaj da se prvi dio filma kreće prilično sporo .	0
Da bi to učinili , Claire , Franklin i Zia trebaju ići u Isla Nublar i imaju za misiju hvatanje 1 dinosaura iz svake vrste , ali trebaju pomoć Owena Gradyja ( Chris Pratt – Čuvari Galaxy 2 , The Magnificent Seven itd . )	1
Zemlja : Kina , SAD	1
Wonder Woman 1984 ispunjena je nadom , ljubavlju i optimizmom , nudeći impresivno filmsku superherojsku akciju .	2
Ocjena 7.5 / 10	1
Vjerujem da biste mogli pogoditi ostatak priče i samo bi vam želio dopustiti da uživate sami .	1
Datum izlaska : 29 .	1
Priča također ima puno više dubine nego što biste očekivali .	2
Stvari su se također zakomplicirale pojavljivanjem misteriozne mlade žene koju je Bode nazivao dobrostojećom damom ( Laysla De Oliveira ) koja se zanimala za ove ključeve .	1
Istina je da redatelj David Yates i njegov tim daju dovoljno vizualnih čuda za apsorpciju oka .	1
Pa što će se dogoditi s Tomom i zašto Hester želi ubiti Valentina ?	0
Najprimjetnija razlika novog u odnosu na stari Westworld , odnosno kreativna odluka koju su Nolanovi donijeli , tiče se promjene perspektive .	1
Nakon sto je sklopio Savez ( Covenant ) blizu planeta , manji je automobil bio odvojen od broda kako bi otišao na površinu planeta .	1
Ovaj je film imao nekoliko najluđih intenzivnih radnji koje sam ikad vidio .	2
Trajanje filma : 02 : 02 : 00	1
Sretno gledanje !	2
Redatelj Shawn Seet debitirao je svojom dugometražnom igrom na lokalnoj bokserskoj drami Two Fists , One Heart ( 2008 ) .	1
Njihova je hemija bila vrlo uvjerljiva i dobili smo kratke zabavne scene između ovo dvoje .	2
Osim aljkavog vizualnog predstavljanja , od početka do neke dvadeset pete minute , ovaj film ne mari o likovima , ne mari o konceptu , o zapletu , o humoru , kojeg na silu pokušava imati , ali nema , naravno .	0
To je prilično manja kritika jer ovaj film je nemilosrdan s humorom i prilično me je nasmijao od početka do kraja gotovo bez izuzetka .	2
Jurassic World Fallen Kingdom	1
Ocjena 6 / 10	1
Nije bilo srednje ili post-kraj kreditne scene bilo .	1
Ono što me zaista oduševilo u ovom filmu su nevjerojatni posebni efekti koji su vratili toliko sjećanja na Terminator 2 : Sudnji dan 1991 . godine .	2
Titlovan Trailer Filma Dječak oluje :	1
Tehnička dostignuća Dječak oluje zasjenila su neujednačen scenarij Justina Monja .	3
Datum izlaska : 17.01.2019 ( svjetska premijera )	1
Priča bila prilično brza tempom , a nije bila velika teška teza koja je zahtijevala teška razmišljanja .	1
Beyond Skyline ( 2017 )	1
Godina : 2019	1
Trevor Wall je reditelj filma i ovo mu je filmski debi i nadam se da neće više snimati u budućnosti .	0
Ali kad plaha i nespretna Barbara Minerva ( Kristen Wiig ) stigne do Smithsoniana , njih dvije povežu se zbog nedavne pošiljke starina .	1
Umjesto samo kao nastavak / spin-off od svog prethodnika , LEGO Batman Movie je zapravo povezao blize sve prethodne Batman ilustracije ; Keaton to Bale to Batfleck .	1
Njezin nastup kao vođa anti-vuče bio je na licu mjesta i stvarno je udarala ( njeni borbeni potezi bili su nevjerojatni ) .	2
S obzirom da sam očekivao iskustvo slično prošlogodišnjem gledajući ‘ Interstellar ’ , shvatio sam da su očekivanja za malu djecu , mada se tom osjećaju ne mogu oduprijeti tek tako , ali eto … za kaznu mi je film koji je puno uzeo , a malo dao .	0
Stopalići ( 2018 )	1
koji je slučajno bio jedna od osoba koja je izvorno klonirala dinosaure .	1
Pridružila mu se u Parizu Queenie ( Alison Sudol ) , divan čitatelj umova i njezin zaručnik ljubazni Jakovom ( Dan Fogler ) .	1
Žanr : Drama | Fantazija | Horor | Recenzija Serija	1
Film se bavi avanturama Diane Prince ( Gal Gadot ) u Prvom svjetskom ratu opustošio je Europu 1980 - ih Ameriku , prateći amazonsku princezu dugo nakon što je izgubila prijatelje koje je stekla u prvom filmu .	1
Romantika je možda premala u usporedbi s verzijom Kevin Costnera .	1
Stoga ne bi trebalo previše iznenaditi što je i HBO došao zaključaka da se upravo taj izvor može iskoristiti za spektakl sličnog kalibra .	1
Svi članovi obitelji Locke morali su se na vlastiti način suočiti s gubitkom Rendela .	0
Glasovna uloga je apsolutno ogromna .	2
Nesumnjivo bi mu koristilo da se gleda na najvećem mogućem platnu kako bi se postigao puni efekt Jenkinsova redateljskog oka .	2
Sve u svemu , po mom mišljenju ovo je bio zaista fantastičan akcijski film .	2
Također smo bili jako zadivljeni scenama borbe , posebno tijekom vremena u rudnicima .	2
Mladog Michaela igra novajlija Finn Little .	1
Iako za povremenu publiku poput mene to nije bila glavna atrakcija u usporedbi s čarobnim ključevima .	1
Glavne uloge : Jessica Chastain , Kate Mara , Kristen Wiig	1
Tako je već šesti film koji se odnosi na ove aliens ( osim filma Alien Vs Predator )	1
Oni su barem zanimljivi i sa cjelokupnom pričom bit će zanimljivi mladim naraštajima , ali samo njima .	3
IMDB Ocjena Serije : 7.6 / 10	1
U međuvremenu , s Yetijem se film otvara kada je dr . Zaza ( Sarah Paulson ) odlučna ostvariti svoju misiju ispunjavanjem zahtjeva gospodina Burnisha ( Eddie Izzard ) da svijetu predstavi čarobno biće .	1
To je , uostalom , prepoznao i sam Crichton iskoristivši osnovni koncept za mnogo poznatiji i uspješniji Jurski park .	2
Žanr Akcija , SF	1
Uz Steveovu pomoć , Diana ponovno pokušava spasiti svijet .	2
Kako bi se uskladila s postavkom 1973 . , proizvodnja / kostim design zasigurno je prikladan .	2
Glavne uloge : Jack Black , Dylan Minnette , Odeya Rush	1
Bilo je to vrijeme kada se prava zena smatraju manjim , i osjećaju se grozno slično našoj sadašnjoj situaciji .	0
U kinima od :	1
Tvoj izbor .	1
U smislu pripovijesti , Trust serija uspijeva biti vrlo informativna , višeslojna i zabavna .	2
A ni Delosova sigurnosna ekipa koja u oružanom okršaju s “ domaćinima ” iskazuje streljačke “ vještine ” Imperijalnih jurišnika iz Ratova zvijezda nije nešto čime bi se Westworld može dičiti .	0
Međutim Mark je preživio i sada pokušava opstati na planetu na kojem nema života dok neko ne dođe po njega .	2
Moja djevojka i ja smo bili prikovani za svoja mjesta i tijekom onog pravog ležernog dijela i gotovo neprekidne potjere , u ranom dijelu .	2
Ona je srednjoškolka koja žestoko ne odobrava očevu odluku da utječe na zemlju .	1
Moji omiljeni trenutci zasigurno bi bilo vrijeme kada će vulkan izbijati , kao i završni trenutci koji su zaista bili nevjerovani i uzbudljivi .	2
I Yi će to dobiti na Everestu , uspostavljajući neraskidivu vezu sa stvorenjem , dok joj je srce smetalo da to učini sa svojom mamom i Nai Nai-om koji su bili čitavo ovo vrijeme .	3
Glavne uloge : SKatherine Waterston , Johnny Depp , Zoë Kravitz , Ezra Miller , Eddie Redmayne , Jude Law , Carmen Ejogo , Alison Sudol .	1
Prica se podijeljena između sluškinje i flashbackova , koji pokazuju vrijeme kada su građanske slobode zena bile uklonjene i svi su mislili da je to nešto sto će proći .	1
Moguće je da ima veze s vodstvom Otta Bathursta u njegovom redateljskom debitantskom filmu .	1
Redatelj : Ridley Scott	1
Sada , ako ste obožavatelj punog akcijskog filma ipak , treba podsjetiti da unatoč trajanju od 2 sata , akcije , neizvjesne sekvence možda neće biti dovoljno zadovoljavajuće .	0
Što se tiče zarade , film je skupio više od 114 miliona širom svijeta na budžet od 58 miliona .	1
Bayona	1
Nakon smrti supruga Rendela Lockea , Nine ( Darby Stanchfield – Scandal TV serija itd . )	1
Kako je priča napredovala , predstavljali bi se različiti likovi u filmu za koje sam mislio da su učinjeni na adekvatan način , ali ne mora zadovoljavati one koji “ moraju ” imati pravilan i duboki razvoj karaktera .	3
U filmu su se zbivanja pratila isključivo iz ljudske perspektive , dok se u seriji uvodi perspektiva samih androida ili , kako ih Delosovi tehničari zovu “ domaćina ” .	1
Film se isuviše bazira na akcionim sekvencama i specijalnim efektima te kao takav je gledljiv i mogao bi se preporučiti , ali čisto kao ljetna akciona poslastica za jedno gledanje dok kao reboot odnosno nastavak megapopularne frašnize , ovo je možda čak gore i od trećeg veoma lošeg nastavka jer ne bježi od najvećeg mogućeg broja klišeeiziranih momenata za akciono-avanturističke filmove i dok humorom pokušava sve te nedostatke nadoknaditi , primjetit ćete i sami da mu to ne ide baš od ruke .	3
Redatelj : J.A .	1
Kao iu svim filmovima iz Marvela , ovaj je također imao 2 srednje krajnje kreditne scene , a druga je također vrlo smiješna i ne bi trebalo da se propusti .	2
I bilo je vrlo tužno da Daniels link ne izgleda previse uvjerljivo kao ženska heroina , mnogo manje ako bi ste uspoređivali sa Sigourney Weaver kao Ripley , ali opet , to je moje mišljenje .	0
Nekom studiju , nekom producentu ili filmadžiji ponesta originalnih ideja , a uz to i novca , pa sjeti se da bi mogao snimiti nastavak na veoma popularnu ‘ Alisu ’ iz 2010 . godine , koja je tada zaradila više od milijardu američkih dolara .	0
Hrvatska 13.12.2018 .	1
Neki od tiših trenutaka , koji uključuju i pobjednike pokupljališta Nifffler ( malo slatko glodavo stvorenje ) , bogomoljka koja se zove Pickett koji se vjerno drži Newtu kao ljepilo , a lav poput mačke Zouwu koji se pretvara u mačića kada se igračka mahne ispred očiju , nude i neke pamtljive CGI efekte .	1
Kako bi uhvatio Robina kojeg su ljudi poznavali samo kao The Hood .	1
Trailer Serije :	1
Trajanje filma : 02 : 08 : 00	1
To je sve što je Emoji Movie želio biti .	1
I budući da sam vidio ovaj film s Dolby Atmos sustavom zvuka , također je dalo više uzbuđenja tijekom neizvjesnih prizora dinosaura koji prijete životu naših protagonista .	2
Umjesto da tako mijenja svoj izgled , mnogo više bi mu pomoglo da se potrudi glumiti onako kako znamo da može .	0
To je prilično uzbuđenje i vizuelni efekti su bili dobro iskorišteni .	2
Ostatak glumačke ekipe je solidan , posebno napomenuti Edgar Ramirez , no uistinu bismo voljeli da se i glavni glumac mogao malo više potruditi .	3
Redatelj : Christian Rivers	1
” Alisa i začarana ogledala ” nisu film za baciti , donekle su zanimljivi i zabavni i ima nostalgičnih trenutaka koji vraćaju šest godina unazad , dok je meni bilo tek petnaestak godina , kada mi je prvi dio bio izuzetan , pa sam ga pogledao više puta , no nedostatak rediteljske palice Burtona , ofirno emotivan zaplet i pokušaj da se unese više tragičnosti i mračne atmosfere u priču , rezultirala je jednim mlakim i plitkim filmom .	3
Srbija 31.10.2019 .	1
koji je znao mnogo o staroj tehnologiji i voli čuvati stvari prikupljene kad je London zarobio druge gradove .	2
Godina 2017	1
Bio je pun smiješnih trenutaka od početka do kraja .	2
Žanr : Akcija , Animirani , Avantura	1
Stoga ne bi trebalo biti iznenađenje što je ovaj film imao tako snažan izvorni termin za Terminator .	1
Žanr : Fantazija | Akcija | Avantura	1
Hrvatska 18.05.2017 .	1
plus najmlađi Bodea ( Jackson Robert Scott ) preseli se u Rendell-ov stari obiteljski dom zvan Keyhouse u malom gradu Mathesonu .	1
Ali njegov tempo guranja u tematske detalje čija važnost postaje jasna tek kasnije u filmu – ponekad i puno kasnije .	0
The Circle ( 2017 )	1
Producent : James Cameron , Charles H . Eglee , Josh Friedman , David S . Goyer , Justin Rhodes , David S . Goyer , Justin Rhodes , Billy Ray	1
ali i kod većine kritičara .	0
Producent : Jill Culton	1
Trajanje filma : 01 : 00 : 00	1
Imao je sastojke uobičajenih filmova stranih franšiza i režirao ga je Ridley Scott , koji je također režirao originalni film Alien , kao i Prometej .	1
Doom Patrol ( Sezona 1 ) 2019 ( TV SERIES ) Recenzija Serije	1
Žanr : Akcija | Avantura | Triler	1
Cjelokupni scenario ne održava bas strast glavnog glumca , i to bi mogao biti razlog za njegove manje performanse od Sterlinga .	0
Potreban je određeni talent za igranje simpatičnog negativca i to je nešto sto je ona odigrala ozbiljno i bez pardona .	2
Slatko dijete sprijateljuje se s Fingerbone Billom ( autohtoni glumac Trevor Jamieson koji je karizmatičan i razoružavajući ) .	2
Oh i obavezno pokušajte da saznate ko je prikazao 1 mutant koji se naziva Vanisher .	1
Hrvatska 17.05.2018 .	1
S druge strane je relativno jednostavnu priču u trajanju od sat i pol vremena trebalo rastegnuti na najmanje 10 - 12 sati , ubaciti malo “ jače ” likove , intrigantnije podzaplete , i “ dublje ” sadržaje , i sve to uz završnicu koja bi od svega načinila kakvu-takvu zaokruženu cjelinu , a istovremeno pružila i cliffhanger dovoljno za drugu sezonu .	1
IMDB Ocjena Filma : 6.2 / 10	1
Sve u svemu , zabavljao sam se gledajući ovu seriju .	2
Hrvatska 22.11.2018 .	1
Ovdje nije bilo puno dramatičnih trenutaka , a sve se činilo da je požureno ( ali nije loše za mene ) .	3
Producent : Philip Reeve , Peter Jackson	1
) , Bedlam ( Terry Crews – The Expendables series , Blended etc ) i nekoliko drugih .	1
Za mene i moju djevojku , istinski smo se zabavljali tijekom čitavog filma .	2
Godina : 2018	1
Datum izlaska : 25 . 03.2018	1
Sve odgovore pronađite u ovom filmu s neizvjesnim radnjama .	1
Tom nije imao drugog izbora nego se pridružiti Hesteru u lutaju van svijeta , jer je izgledalo da je pratila njene nevidljive vojnike nazvane Shrike ( Stephen Lang – Avatar itd . ) .	1
To je dobro zaokruženo filmsko iskustvo .	2
U kinima od :	1
Zemlja : Engleska , SAD	1
IMDb.com mu daju 6,8 / 10 a Tomatoesi 74% .	1
Mnogi su upoznali i voljeli prekrasnu maštu JK Rowlinga kroz knjige i filmove prikazane kroz franšizu Harryja Pottera .	2
Za par simpatičnih ( ne smiješnih , samo simpatičnih ) dosjetki na račun policajaca i za odličan preokret , skidam kapu na originalnosti , ali vraćam tu istu kapu kad shvatim u šta se pretvorio Jack Black .	3
U kinima od :	1
Ona je tiha , poslušna sluškinja za javnost , ali u njezinom umu ona je prkosna i snažne volje .	2
Također mi se svidjela deveta epizoda koja je , čini se , bila postavljena za veliko finale sezone .	2
Rođen je u Njemačkoj obitelji i govorio je samo njemački jezik sve dok nije pohađao školu .	1
Dakle , ako ste ljubitelji filmova Terminator ( posebno prvog i drugog filma ) , ovaj bi vas definitivno zadovoljio .	2
Ovo je mjesto gdje je priča počela postati zanimljiva i neizvjesna jer bi imala puno vise od onoga za sto su pregovarali .	1
Godina 2015	1
Oni koji traže takvu kvalitetu u filmu ne bi trebali biti razočarani .	2
Ridley Scott je reditelj filma , kojeg sam već pomenuo , a dva debakla koja je doživio prošle i pretprošle godine su ‘ Exodus : Gods vs .	1
Naravno , sve do trenutka kada stvari u parku krenu katastrofalno krivo te se androidi svoju fizičku i drugu superiornost iskažu tako što iznenada počnu masakrirati goste .	0
Zajedno otkrivaju da su lovci na tom području nemilosrdno pucali na pelikane na plaži .	0
Zaplet filma je sekundaran za humoristične likove .	1
Jedan u top deset najočekivanijih iz mnogih razloga .	2
Robin Hood Početak	1
Fantastic Beasts : The Crimes of Grindelwald	1
Datum izlaska : 23.10.2019 ( svjetska premijera )	1
Stoga nije bilo iznenađenje da su se specijalni efekti filma činili maksimalno dobri .	2
Sluškinje ne moraju čitati , postavljati teška pitanja ili biti teške , ako ne žele biti progurane u Kolonije kako bi čistile toksični otpad dok ne umru .	1
The Great Wall ( 2016 )	1
Zaradom je premašio sva očekivanja jer je zaradio više od 572 miliona dolara na budžet od 108 .	2
Ako tražite ovu vrstu filma , vjerojatno biste mogli uživati .	2
Zemlja : Australija	1
U ovom nastavku su bili posve nezaboravni .	2
i ostali koji su se osjećali privrženima dinosaurima pokušali su ih spasiti od izumiranja , uz pomoć nekih ljudi koji su dijelili iste stavove , kao što je Franklin IT stručnjak ( Justice Smith – , The Get Down TV serije itd . )	1
Redatelj : Simon Beaufoy	1
Steina , nakon što su oslobođena čudovišta koja žive u njegovim knjigama .	1
Osobno sam mislio da je fantazija možda bolji pojam .	1
I Kinsey ( Emilia Jones – Brimstone itd . )	1
Glavne uloge : Bryce Dallas Howard , Matthew McConaughey , Toby Kebbell	1
Em se bavi temom koja mene užasno zanima , em dolazi od reditelja koji je u zadnja dva filma zamalo uništio svoju reputaciju ali su najavili ‘ Marsovca ’ kao njegov povratnički film , pa je marketing bio i više neophodan , a dobre kritike su već odradile pola posla .	2
Olge Kurylenke koja igra tajanstveni “ ljubavni interes ” kao u bilo kojem drugom špijunskom filmu .	1
Dok ga Bill uči autohtonim vrijednostima , Michael postaje ekološki svjesniji .	2
Čudesna žena 1984 također utjelovljuje optimizam koji je prijeko potreban u godini kao što je 2020 .	2
Prvih dvadeset do trideset minuta filma bile su donekle slabe .	0
Datum izlaska : 4 February 2017	1
Žanr : Akcija , Avantura , Fantazija	1
Film je dakle baziran na istoimenoj knjizi i radnja se odvija uporedo , kako na Marsu tako i na Zemlji .	1
Uz projekte kao što su The Darkest Minds i Beach Rats pod njegovim pojasom , Harris Dickinson postaje sve poznatiji ovih dana .	2
Bilo je i nekoliko kratkih akcijskih sekvenci , ali za mene je to bilo uistinu zadovoljavajuće jer je vrhunac bio spektakularan s nekim iznenađenjima na putu .	2
Godine 2016 . navijači su oduševljeni kad su vidjeli da se njezini kreativni radovi ne zaustavljaju s avanturama Harryja Pottera kada je na veliki ekran stigao životni roman FANTASTIC BEASTS AND WHERE TO FIND THEM .	2
Hrvatska 07.03.2019 .	1
Hrvatska 26.01.2017	1
Sama primjesa price svakako bi trebala da bude zanimljiva , ali Gaghan je toliko zarobljeni u svojim uobičajenim narativima mehanike da cijela priča ubrzo izgubi smisao .	0
Riječ je o nježnom prijateljstvu između dječaka i pelikana .	2
Ovo je definitivno film koji je vrijedan gledanja više od jednog puta , jer je tako prepun referenci koje ćete bez sumnje uhvatiti svaki put .	2
bilo je lijepo za vidjeti , budući da je dosta vremena bio Bough taj koji je mogao izvesti Johnnyja iz nevolja .	2
Jedan od najvećih osjećaja bila je velika eksplozija sa nevjerojatnim zvučnim efektom .	2
Međutim , nakon što smo ušli u film , uskoro ćemo odmah biti zadivljeni nevjerojatnom idejom grada koji se mogao premjestiti i uhvatiti druge gradove .	2
oni su uključili pomoć drugih mutanata koji su se sastojali od Domina ( Zazie Beetz – Atlanta TV serije itd .	1
Kad djevojka shvati da mu mora pomoći da ga ponovno spoji sa svojom obitelji , kreće na put koji joj mijenja život jer nikad neće biti isti kad to zaključi .	1
Redatelj : Otto Bathurst	1
U konačnici , dok sam utvrdio da će određena značajka biti izuzetno prosječna , iako s lijepim dizajnom i nezaboravnim nastupom Christophera Plummera , Trust inzistira mnogo više interesa u priči o Getty sagi , ima privlačniji stil , a uz korist od deset serijskih epizoda , to je mnogo više informacija .	3
Na moje iznenađenje , donio je neki kratki šaljivi smisao za nas gdje bismo se mogli malo nasmijati zbog njega .	2
Zemlja : Francuska , Engleska , SAD	1
Trajanje filma : 01 : 44 : 00	1
Zanimljiv i intrigantan , možda za djecu , te ovo njima i mogu preporučiti .	2
Datum izlaska : 16 October 2015 ( USA )	1
Trajanje filma : 02 : 31 : 00	1
Ovo će zadovoljiti ljubitelje Batmana svih uzrasta i ljubitelja komedije u cjelini .	2
Bilo je malo čudno , pošto sam primijetio iz najveće baze podataka o filmovima , trebao bi imati Dolby Atmos zvučni sustav .	1
Međutim , uglavnom je radio na televizijskim programima .	1
Još jedna tačka koju želim naglasiti jest da od 15 - tero člavnova posade ovdje mislim da se većina njih nije izdvojila , osim Tennesseejevog karaktera i naravno Waltera .	3
Korištenje usporenog pokreta kada prelazi preko pijeska s gospodinom Percivalom zaključuje dragocjenost njihovog vremena zajedno .	2
Svibanj 2016 .	1
Filmske Recenzije	1
Ovaj se film nije smatrao kao Terminator 3 - 5 i smatrao se izravnim nastavkom Sudnjeg dana .	1
U kinima od :	1
B i H 18.05.2017 .	1
Mogli smo se smijati tijekom cijelog filma i osjetili smo sreću nakon što smo vidjeli film .	2
Mackenzie Davis i Diego Luna savršeno su prikazali svoje uloge i pokazali svoju sposobnost djelovanja .	2
Dodatnu zbrku neće izazvati samo iskrivljenost perspektive “ domaćina ” , izazvana time da su sami podložni stalnom brisanju i promjeni sjećanja , nego i to da se radnja odvija u nekoliko različitih vremenskih razdoblja , pa za pojedine scene nije jasno da li se događaju u sadašnjosti , prošlosti ili predstavljaju nečiju halucinaciju i lažno sjećanje .	0
S takvim moćnim neprijateljem , Wade je osjetio da se ne može boriti za Cable sam .	1
Titlovan Trailer Filma :	1
Strahovski igra Serenu čvrstu i hladnu , ali ranjivu kad je niko ne gleda .	1
Ralph ruši Internet : Krš i lom 2 ( 2018 )	1
47 METERS DOWN UNCAGED ( 2019 )	1
Krupni planovi hrane pripremljeni za pelikane i proces hranjenja pokazuje intenzitet Michaelove brige za njih i njegovu emocionalnu vezu od njihovog otkrića .	2
Nisam znao ništa o ovom filmu , a trailer koji se činio pun akcije korišćenjem specijalnih efekata , nije mi pomogao da bolje razumijem .	3
Žanr : Akcija | Avantura | Fantazija	1
Osim loših igranih filmova , godišnje se mora ispuniti i kvota loših animiranih filmova , a neki od njih moraju izgledati ovako jeftino i retardirano , čisto da se , haman zaprepastimo , da nam zaintrigira psihu i dušu i srce sam reditelj koji se usudio i plasirao ovako nešto u javnost .	0
Pronađite ih sve u ovom smiješnom špijunskom filmu .	1
Ima dosta boja , talijanske lokacije izgledaju prekrasno .	2
Smetalo mi je i to što u konačnici nisam mogao izdvojiti niti jedan drag lik , a niti jedan performans vrijedan hvale , ali izuzeci su svakako ” negativci ” , odnosno čudovišta iz knjiga , poput lutke trbuhozborca , zločestog Snješka Bijelića , malih zlih patuljaka iz dvorišta itd .	3
Bilo je istovremeno jezivo i zabavno .	3
“ Ovo vam se sada ne može činiti običnim , ali nakon nekog vremena to će biti ” Govori od tetke Lydie , nije riječ o zastrašenijim riječima jer to zvuci previse poznato u našoj trenutnoj klimi .	1
Ja sam bio prilično apsorbovan s filmom i pričvršćen na sjedalo zbog gotovo neprestanih uzbuđenja .	2
Glavne uloge : Ryan Reynolds , Josh Brolin , Morena Baccarin , T.J .	1
Da , ovaj film uspijeva koristiti plasman proizvoda na način koji je duhovit i ironičan .	2
Pa definitivno smo mogli imati nekoga drugog , jer on je prošle godine bio u svemiru , zaglavljen naravno , samo što je uprskao priliku da se vrati ( aludiram na Interstellar ) tako da nam je trebala biti pružena prilika da nekog drugog gledamo u ulozi astronauta koji tri godine i više pokušava opstati na nenasljenoj planeti .	0
Kad se to ima u vidu , ovdje moram napomenuti još jedan film koji morate uzeti u obzir i morate shvatiti da ne znamo što bi se dogodilo s Everestom da ga je pronašao netko drugi .	1
Ostatak filma je preplavljen smijehom i akcijom – čarolijom koju je original iznenađujuće zarobio .	2
Iako mnogi možda neće moći gledati Wonder Woman 1984 na velikom kazališnom platnu , to služi kao podsjetnik na to koliko iskustvo gledanja filma može biti zabavno , radosno i čarobno .	2
) .	1
Hopkinsov je nastup , pak , u velikoj mjeri zasjenjen Jeffreyjem Wrightom koji je izvrstan u ulozi Fordovog prijatelja i dugogodišnjeg suradnika Bernarda Lowea , čiji je radoholičarski životni stil posljedica osobne tragedije .	2
B i H 07.03.2019 .	1
Red Queen , kao što je bila fenomenalna u prvom dijelu , u ovom također ne zaostaje .	2
Tennesse , Ricks ( Jussie Smollett – Empire TV series ) i Upworth ( Callie Hernandez – Blair Witch , La La Land etc ) ostali su čuvati leđa , dok su Oram , Daniels , Walter , Lope , Faris i ostatak posade spustili na planet .	1
Nemojte me prijavljivati policiji jer vjerujem da će se sličan osjećaj javiti kod vas .	1
Može se pokazati kao pomalo oportunističkim preprekama s poteznim motivima s vremena na vrijeme .	0
Ali posljednje 2 - 3 epizode bile su prilično sjajne .	2
S druge strane , u seriji ima daleko više golotinje , a ona je ovaj put , čak bi se moglo reći , i opravdana ; to se odnosi na “ domaćine ” koje je iza scene daleko lakše popravljati i održavati ako nemaju ništa na sebi , a u jednoj od scena čak i jedan lik nastoji to opravdati na način koji se može protumačiti kao preventivni odgovor autora serije puritanskim kritičarima .	1
Odmah sklapa prijateljstvo sa novom susjetkinjom , ali njen otac to ne dozvoljava i ponaša se isuviše misteriozno i čudno , pa to odmah zaintrigira mladog došljaka .	3
Tek smo prve sezone dobili prikaze vrlo malo njih što ih čini još uzbudljivijim i intrigantnijim budućim sezonama .	3
Bilo je osjećaja Spiderwickove kronike o seriji , pogotovo kad se priča fokusirala na Bode istražujući kuću .	1
U ovom filmu bilo je dosta likova , ali neki su bili prikazani u drugom dijelu .	1
Pored toga , odnos dva brata u filmu prikazan je na jedan veoma čudan način jer izgledaju mnogo hladno i ascoijalno su nastrojeni da će vam biti žao kada shvatite kako su se stvari promijenile od prvog ‘ Jurskog parka ’ kada ste bez miganja , uz treptaj i strah gledali napadanje ovih zvijeri .	0
London je bio jedan od onih gradova koji se zove “ Traction ” , koji bi mogao uhvatiti manje gradove i prikupljati sredstva .	1
Oni nam pokazuju šta se događa u tom području i otkrivaju da su nakon stjecanja novca otkupili 80% svih glavnih trgovina drogama – financira Getty !	1
Postojalo je i klasično završavanje filma Alien koji bi bio pozadina budućeg nastavka .	1
No iako su teme filma možda pretjerano objašnjene , stvarna izgradnja svijeta puno se brže prekriva .	3
Godina 2017	1
Wow , ovaj film je zaista isporučen .	2
Grad u kojem su svi avioni “ usidreni ” bili uvelike stvoreni , ali postojala je jedna scena statičnog grada , za koju sam mislio da je malo slabo učinjena i izgledalo je tako očito da je računar napravio .	3
Oni više nisu tek obični strojevi , nego je nastojanje da ih se učini što sličnijim ljudima dovelo do toga da dobiju sjećanja , a s vremenom razviju i nešto nalik na svijest te počnu postavljati pitanja o pravoj prirodi i svrsi svoga postojanja , čiji će odgovor dovesti do završnice koju sugerira u trailerima i tokom serije često navođen Shakespeareov citat o “ nasilnim užicima koje dovode do nasilnih svršetaka ” .	1
Odnos između junaka i zlikovaca je kljucni element za bilo koju strip priču .	1
Srbija 03.01.2019 .	1
Svakako sam uživao u prizorima gdje su Domino , Deadpool i Cable u gradu bili apsolutno uzbudljivi .	2
) , Robin je odlučio pljačkati bogate , ali s ciljem da povrijedi šerifa i sazna ko su bili ljudi iza njega .	3
On se brine za njih i naziva ih gospodin Ponos , gospodin Ponder i gospodin Percival .	1
Prije nego što sam zaboravio , moja djevojka i ja čekali smo do kraja završetka kreditne scene .	1
Godina : 2017	1
Svi likovi su ujedinjeni gubitkom u svom životu , a predstave pokazuju kako ih tragaju njihove prošlosti .	1
Osim mnogih drugih , to bi bile glavne misli koje vam padaju na pamet nakon gledanja kinesko-američke produkcije apsolutno obožavajućeg “ Abominable ” .	1
Od davno sam bio obožavatelj priča o Robin Hoodu .	2
Jednog dana Michael otkriva tri pelikana .	1
ne cine zanemarljiv prirode parcele.Postoje neki neočekivani prekrati na kraju , ipak .	3
Otok fantazija ( 2020 )	1
U konačnici je oprostivo , ali može dovesti do toga da neki gledatelji budu frustrirani pričom i / ili korakom Wonder Woman 1984 .	3
Kao Duncan Locke , Sherri Saum ( TV serije Fosters itd . )	1
Moja djevojka je također osjetila da je Jurassic World više bio po njenom ukusu , uglavnom zbog uvođenja raptora kada su obučavali Owena u tom filmu .	2
) , Johnny English započeo je istragu koja bi ih dovela do sumnjive žene pod imenom Ophelia ( Olga Kurylenko - Hold Your Breath , The November Man ) .	1
IMDB Ocjena Filma : 7.2 / 10	1
I nije trebalo dugo da tajnovitost i magija počnu s prvim pronađenim ključem .	2
To moraju pogledati ljubitelji prvog filma Wonder Woman , posebno u pogledu Dianinog odnosa prema čovječanstvu .	2
B i H 29.11.2018 .	1
Za razliku od All the Money in the World , koji se malo trudio da kondenzira veliku priču u dugotrajnu izvedbu .	0
Sve odgovore pronađite u ovom apsolutno zabavnom filmu .	1
Kako je priča napredovala , upoznali smo više ostalih ljudi i interakcija između Bodea i dame / Dodge bila je zaista vrhunac , posebno u prve 3 ili 4 epizode .	2
Jai Courtney čini Toma više od roditelja koji ne odobrava .	1
Nakon istraživačke misije , posada svemirskog broda ostavlja Marka Watneya samog na Marsu misleći da je umro nakon oluje koja je pogodila prostor na kojem su istraživali .	0
Odličan film koji može biti samo najbolji Batman film pusten u kina .	2
Srećom , Diana se ponovno spojila sa svojim davno umrlim dečkom Steveom Trevorom ( Chris Pine ) , koji je podsjeća na potrebu za emocionalnom vezanošću .	2
Jonathan Nolan , koji je zajedno sa suprugom Lisom Joy osmislio seriju , je imao i lagan i težak zadatak .	1
( Edgar Ramirez ) .	1
Može li ova grupa ljudi spasila sve preostale dinosaure od drugog izumiranja ?	1
Tijek filma bio je vrlo brz , ali tu i tamo su povremeno bili sporiji i dramatičniji prizori .	1
Kinsey koja se isprva rezervirala za sebe , napokon se sprijateljila sa Scotom ( Petrice Jones ) , a kasnije i s drugim studentom Gabeom ( Griffin Gluck – američka TV serija Vandal itd . ) .	1
Ukupno CUDESNE ZVIJERI : GRINDELWALDOVA ZLODJELA je zanimljiv i zabavan film .	2
Nolan i Joy su ovdje unijeli još jednu značajnu promjenu u odnosu na original – osim samih “ šljakera ” s dna hranidbenog lanca , tj . tehničara i zaštitarske ekipe , tu su i direktori Delosa , ali i tvorac samog parka Robert Ford .	1
Na enormno visok budžet od 170 miliona dolara , film je skupio tek nešto više od 105 miliona , ali male , jako male su šanse da će uopšte i premašiti budžet .	0
Sve misterije koje su neriješene u priči ostavljaju puno prostora za uzbuđenje zbog onoga što će doći u predstojećim nastavcima .	2
Počevši od iznimnog ulaska , dok se hladno spušta na Gettyovu nekretninu nekim Rolling Stonesima .	1
Redatelj : David Yates	1
Neki će se suzdržati od uključivanja Geoffreyja Rusha s obzirom na njegove dobro dokumentirane probleme izvan ekrana .	1
B i H 22.11.2018 .	1
Ova scena imala je svu publiku – mladu i staru – koji su se smijali na svojim mjestima .	2
Osjećao sam da je Jurassic World uvažavao izvorni Jurassic Park ( vjerojatno zbog toga što je imao osjećaj tematskog parka ) , dok je ovdje bio više poput avanturističkog filma .	3
Lego Film 2 ( 2019 )	1
IMDB Ocjena filma : 5.5 / 10	1
Srećom , početak nije reprezentativan za kvalitetu filma u cjelini .	2
Tom je u boli jer su njegova žena i kći poginuli u prometnoj nesreći .	1
I njezina djeca , tinejdžeri Tylera ( Connor Jessup – TV serija Falling Skies itd . )	1
poslana je iz budućnosti kako bi uklonuli naizgled normalnu mladu ženu po imenu Dani Ramos ( Natalia Reyes – TV serija Cumbia Ninja itd ) .	1
Koliko su ga nahvalili , reklamirali i propagirali , tokom odjavne špice shvatio sam da nije bio vrijedan toga .	0
Godina : 2019	1
Uspio je da bude kreativan , zabavan i poštovanje izvornog materijala sve i isto vrijeme .	2
Smatra da je nemoguće odvojiti se od gospodina Percivala .	1
Matthew McConaughey prolazi kroz drastične transformacije da postane Kenny Wells , u kompletu s Potbelly , ćelavi glavu , krivi zube .	1
Dječak oluje je tehnički stručan , opuštajući i jednostavan za gledanje .	2
Mortal Engines	1
Ono što mi se svidjelo u seriji bilo je otkrivanje čarobnih ključeva i uzbuđenje koje je donosilo kad se prikazala funkcija ključeva .	2
Na početku filma , on se pojavljuje očajan i samo se nada dobiti kada se upozna s Richard Acosta .	1
U važnoj ulozi visokog tajkuna John Paul Getty , Donald Sutherland je vrlo impresivan i bez napora dominira postupcima kad god je on na ekranu , uz pomoć snažne skripte i činjenice da je lik prirodno intrigantan .	2
Većina gledatelja će , međutim , od detalja daleko više pažnje staviti na ono što je već duže vremena HBO-v zaštitni znak – eksplicitni seks i golotinja .	0
Zemlja : SAD , Kina	1
Slike plaže i pelikana odjekivat će s djecom , a neke od predstava su emocionalno opipljive .	2
Mogu li Johnny i Bough da završe svoju misiju sa svojom tehnološkom opremom niske razine protiv cyber napada i spasiti Englesku ?	1
Također je u The Handmaid ’ s Tale je Alexis Bledel kao Ofglen , kolega sluškinje koja je mučena da je ona homoseksualna i ima djevojku u Republici , tu je i Max Minghella kao Nick , vozač Freda koji ima osjećaje za Offred , ali se bori s tim osjećajima i potrebom da bude lojalan društvenim pravilima , ako želi živjeti .	1
Ostali glumci su bili previše kratki da bi ostavili dojam , mislio sam da je karakterna transformacija Katherine bila malo nelogična .	0
Lego Batman Film je režirao Chris McKay a producenti Dan Lin , Phil Lord , Christoper Miller i Roy Lee , Will Arnett reprizira svoju ulogu iz Lego filma kao glas Lego Batmana , zvani Bruce Wayne .	1
Bilo je i brojnih sporednih uloga gostujućih zvijezda , poput Aason Ashmore ( TV serija 13 , itd . )	1
Producent : Geoff Johns , Patty Jenkins , Dave Callaham , Geoff Johns , Patty Jenkins , William Moulton Marston	1
Prvi film još je ’ 93 lansirao poznati Spielberg i od tada su uslijedila dva nastavka , naravno ne toliko priznata i popularna kao prvi dio i neko je strpljivo čekao dvadesetodvogodišnjicu imena ” Jurassic Park ” da lansira novi dio , reboot ili šta već ali bilo je jasno da je ovo komercijalzovana priča koja je ima dakle samo jedan primaran cilj .	0
Morao napustiti sve za križarski rat nakon što je bio regrutovan od strane Šerif ( Ben Mendelsohn – Darkest Hour , Bloodline TV serije i sl .	1
Titlovan Trailer :	1
Nažalost , finale je bilo pomalo antiklimaktično ( barem u početku ) , s navodnim velikim iznenađenjem koje se moglo osjetiti kilometrima daleko , ali završetak je dao nešto na što treba paziti i drugačije iznenađenje koje bi trebalo učiniti zanimljivom sezonom.ć	3
B i H 15.11.2018 .	1
Ispostavilo se da je ovaj put , akcijski slijed bio još bolji i nevjerojatniji .	2
Prije smrti 2006 . godine Thiele je smatran jednim od najboljih pisaca Južne Australije .	2
Zgodna naturalistička fotografija Brucea Younga suprotstavlja se hladnim , sivim staklenim oknima današnjih scena .	3
Zbog toga The Handmaid ’ s Tale je priča koja će rezonirati s publikom , bez obzira na vašu tačku gledišta .	1
Kasnije je Wadeu pristupio Colossus ( Stefan Kapičić ) kako bi se pridružio X-Menu i postao pripravnik .	1
Međutim , kad sam stigao do posljednjih epizoda , osjetio sam da tempo postaje mnogo sporiji s fokusom koji se više pomaknuo prema Kinseyjevoj i Tylerovoj priči u školi ( posebno Kinseyevoj kompliciranoj vezi ) .	1
Kaže , “ plaćam poštovanje prema zemlji ” , što je i vrijednost koja se u njega uvlači .	2
Loši školski resursi potaknuli su ga da napiše svoju prvu knjigu , koja se odnosila na geografiju .	1
Sve u svemu , ovo je bila zabavna vožnja , uzbudljiv film sa dinosaurima .	2
Ocjena na IMDb.com mu je solidnih 7,4 / 10 a na Tomatoesima solidnih 71% .	2
Pomalo egocentrično , ne ?	1
Dao nam je razne šale i jedan brod , ismijavajući toliko mnogo stvari koje su svima u publici pružile dobru količinu smijeha .	2
